<?xml version="1.0" encoding="UTF-8" ?>
<!-- This is a WordPress eXtended RSS file generated by WordPress as an export of your site. -->
<!-- It contains information about your site's posts, pages, comments, categories, and other content. -->
<!-- You may use this file to transfer that content from one site to another. -->
<!-- This file is not intended to serve as a complete backup of your site. -->

<!-- To import this information into a WordPress site follow these steps: -->
<!-- 1. Log in to that site as an administrator. -->
<!-- 2. Go to Tools: Import in the WordPress admin panel. -->
<!-- 3. Install the "WordPress" importer from the list. -->
<!-- 4. Activate & Run Importer. -->
<!-- 5. Upload this file using the form provided on that page. -->
<!-- 6. You will first be asked to map the authors in this export file to users -->
<!--    on the site. For each author, you may choose to map to an -->
<!--    existing user on the site or to create a new user. -->
<!-- 7. WordPress will then import each of the posts, pages, comments, categories, etc. -->
<!--    contained in this file into your site. -->

<!-- generator="WordPress/4.5.4" created="2016-11-25 09:08" -->
<rss version="2.0"
	xmlns:excerpt="http://wordpress.org/export/1.2/excerpt/"
	xmlns:content="http://purl.org/rss/1.0/modules/content/"
	xmlns:wfw="http://wellformedweb.org/CommentAPI/"
	xmlns:dc="http://purl.org/dc/elements/1.1/"
	xmlns:wp="http://wordpress.org/export/1.2/"
>

<channel>
	<title>Traveler</title>
	<link>http://travelerdata.wpengine.com</link>
	<description>Just another WordPress site</description>
	<pubDate>Fri, 25 Nov 2016 09:08:35 +0000</pubDate>
	<language>en-US</language>
	<wp:wxr_version>1.2</wp:wxr_version>
	<wp:base_site_url>http://travelerdata.wpengine.com</wp:base_site_url>
	<wp:base_blog_url>http://travelerdata.wpengine.com</wp:base_blog_url>

	<wp:author><wp:author_id>1</wp:author_id><wp:author_login><![CDATA[admin]]></wp:author_login><wp:author_email><![CDATA[hanhnhan.hna@gmail.com]]></wp:author_email><wp:author_display_name><![CDATA[admin]]></wp:author_display_name><wp:author_first_name><![CDATA[Hanh]]></wp:author_first_name><wp:author_last_name><![CDATA[Do]]></wp:author_last_name></wp:author>


	<generator>https://wordpress.org/?v=4.5.4</generator>

	<item>
		<title>Contact form 1</title>
		<link>http://travelerdata.wpengine.com/?post_type=wpcf7_contact_form&#038;p=62</link>
		<pubDate>Fri, 21 Nov 2014 02:54:23 +0000</pubDate>
		<dc:creator><![CDATA[admin]]></dc:creator>
		<guid isPermaLink="false">http://localhost/shinetheme/Travel/travel-code/?post_type=wpcf7_contact_form&#038;p=62</guid>
		<description></description>
		<content:encoded><![CDATA[<p>Your Name (required)<br />
    [text* your-name] </p>

<p>Your Email (required)<br />
    [email* your-email] </p>

<p>Subject<br />
    [text your-subject] </p>

<p>Your Message<br />
    [textarea your-message] </p>

<p>[submit "Send"]</p>
[your-subject]
[your-name] <doquangquan93@gmail.com>
From: [your-name] <[your-email]>
Subject: [your-subject]

Message Body:
[your-message]

--
This e-mail was sent from a contact form on The Travel (http://localhost/shinetheme/Travel/travel-code)
doquangquan93@gmail.com
Reply-To: [your-email]

0
0

[your-subject]
The Travel <doquangquan93@gmail.com>
Message Body:
[your-message]

--
This e-mail was sent from a contact form on The Travel (http://localhost/shinetheme/Travel/travel-code)
[your-email]
Reply-To: doquangquan93@gmail.com

0
0
Your message was sent successfully. Thanks.
Failed to send your message. Please try later or contact the administrator by another method.
Validation errors occurred. Please confirm the fields and submit it again.
Failed to send your message. Please try later or contact the administrator by another method.
Please accept the terms to proceed.
Please fill the required field.]]></content:encoded>
		<excerpt:encoded><![CDATA[]]></excerpt:encoded>
		<wp:post_id>62</wp:post_id>
		<wp:post_date><![CDATA[2014-11-21 02:54:23]]></wp:post_date>
		<wp:post_date_gmt><![CDATA[2014-11-21 02:54:23]]></wp:post_date_gmt>
		<wp:comment_status><![CDATA[open]]></wp:comment_status>
		<wp:ping_status><![CDATA[open]]></wp:ping_status>
		<wp:post_name><![CDATA[contact-form-1-2]]></wp:post_name>
		<wp:status><![CDATA[publish]]></wp:status>
		<wp:post_parent>0</wp:post_parent>
		<wp:menu_order>0</wp:menu_order>
		<wp:post_type><![CDATA[wpcf7_contact_form]]></wp:post_type>
		<wp:post_password><![CDATA[]]></wp:post_password>
		<wp:is_sticky>0</wp:is_sticky>
		<wp:postmeta>
			<wp:meta_key><![CDATA[_form]]></wp:meta_key>
			<wp:meta_value><![CDATA[<p>Your Name (required)<br />
    [text* your-name] </p>

<p>Your Email (required)<br />
    [email* your-email] </p>

<p>Subject<br />
    [text your-subject] </p>

<p>Your Message<br />
    [textarea your-message] </p>

<p>[submit "Send"]</p>]]></wp:meta_value>
		</wp:postmeta>
		<wp:postmeta>
			<wp:meta_key><![CDATA[_mail]]></wp:meta_key>
			<wp:meta_value><![CDATA[a:8:{s:7:"subject";s:14:"[your-subject]";s:6:"sender";s:37:"[your-name] <doquangquan93@gmail.com>";s:4:"body";s:194:"From: [your-name] <[your-email]>
Subject: [your-subject]

Message Body:
[your-message]

--
This e-mail was sent from a contact form on The Travel (http://localhost/shinetheme/Travel/travel-code)";s:9:"recipient";s:23:"doquangquan93@gmail.com";s:18:"additional_headers";s:22:"Reply-To: [your-email]";s:11:"attachments";s:0:"";s:8:"use_html";i:0;s:13:"exclude_blank";i:0;}]]></wp:meta_value>
		</wp:postmeta>
		<wp:postmeta>
			<wp:meta_key><![CDATA[_mail_2]]></wp:meta_key>
			<wp:meta_value><![CDATA[a:9:{s:6:"active";b:0;s:7:"subject";s:14:"[your-subject]";s:6:"sender";s:36:"The Travel <doquangquan93@gmail.com>";s:4:"body";s:136:"Message Body:
[your-message]

--
This e-mail was sent from a contact form on The Travel (http://localhost/shinetheme/Travel/travel-code)";s:9:"recipient";s:12:"[your-email]";s:18:"additional_headers";s:33:"Reply-To: doquangquan93@gmail.com";s:11:"attachments";s:0:"";s:8:"use_html";i:0;s:13:"exclude_blank";i:0;}]]></wp:meta_value>
		</wp:postmeta>
		<wp:postmeta>
			<wp:meta_key><![CDATA[_messages]]></wp:meta_key>
			<wp:meta_value><![CDATA[a:6:{s:12:"mail_sent_ok";s:43:"Your message was sent successfully. Thanks.";s:12:"mail_sent_ng";s:93:"Failed to send your message. Please try later or contact the administrator by another method.";s:16:"validation_error";s:74:"Validation errors occurred. Please confirm the fields and submit it again.";s:4:"spam";s:93:"Failed to send your message. Please try later or contact the administrator by another method.";s:12:"accept_terms";s:35:"Please accept the terms to proceed.";s:16:"invalid_required";s:31:"Please fill the required field.";}]]></wp:meta_value>
		</wp:postmeta>
		<wp:postmeta>
			<wp:meta_key><![CDATA[_additional_settings]]></wp:meta_key>
			<wp:meta_value><![CDATA[]]></wp:meta_value>
		</wp:postmeta>
		<wp:postmeta>
			<wp:meta_key><![CDATA[_locale]]></wp:meta_key>
			<wp:meta_value><![CDATA[en_US]]></wp:meta_value>
		</wp:postmeta>
	</item>
	<item>
		<title>Send Message</title>
		<link>http://travelerdata.wpengine.com/?post_type=wpcf7_contact_form&#038;p=63</link>
		<pubDate>Fri, 21 Nov 2014 02:58:16 +0000</pubDate>
		<dc:creator><![CDATA[admin]]></dc:creator>
		<guid isPermaLink="false">http://localhost/shinetheme/Travel/travel-code/?post_type=wpcf7_contact_form&#038;p=63</guid>
		<description></description>
		<content:encoded><![CDATA[<div class="mt30">
                        <div class="row">
                            <div class="col-md-6">
                                <div class="form-group">
                                    <label>Name *</label>[text* name id:name class:form-control]
                                </div>
                            </div>
                            <div class="col-md-6">
                                <div class="form-group">
                                    <label>E-mail *</label>[text* email id:email class:form-control ]
                                </div>
                            </div>
                        </div>
                        <div class="form-group">
                            <label>Message *</label>[textarea* message id:message class:form-control x3]
                        </div>
<div class="form-group">
                  <label>Captcha</label>   [captchac captcha-286 size:m] [captchar captcha-286 10/ ]
</div>
                         [submit class:btn class:btn-primary "Send Message"]
                        
</div>
[your-subject]
[your-name] <doquangquan93@gmail.com>
From: [your-name] <[your-email]>
Subject: [your-subject]

Message Body:
[your-message]

--
This e-mail was sent from a contact form on The Travel (http://localhost/shinetheme/Travel/travel-code)
quandq@shinetheme.com
Reply-To: [your-email]




[your-subject]
The Travel <doquangquan93@gmail.com>
Message Body:
[your-message]

--
This e-mail was sent from a contact form on The Travel (http://localhost/shinetheme/Travel/travel-code)
[your-email]
Reply-To: doquangquan93@gmail.com



Your message was sent successfully. Thanks.
Failed to send your message. Please try later or contact the administrator by another method.
Validation errors occurred. Please confirm the fields and submit it again.
Failed to send your message. Please try later or contact the administrator by another method.
Please accept the terms to proceed.
Please fill the required field.
Your entered code is incorrect.
Number format seems invalid.
This number is too small.
This number is too large.
Email address seems invalid.
URL seems invalid.
Telephone number seems invalid.
Your answer is not correct.
Date format seems invalid.
This date is too early.
This date is too late.
Failed to upload file.
This file type is not allowed.
This file is too large.
Failed to upload file. Error occurred.
This input is too long.
This input is too short.]]></content:encoded>
		<excerpt:encoded><![CDATA[]]></excerpt:encoded>
		<wp:post_id>63</wp:post_id>
		<wp:post_date><![CDATA[2014-11-21 02:58:16]]></wp:post_date>
		<wp:post_date_gmt><![CDATA[2014-11-21 02:58:16]]></wp:post_date_gmt>
		<wp:comment_status><![CDATA[open]]></wp:comment_status>
		<wp:ping_status><![CDATA[open]]></wp:ping_status>
		<wp:post_name><![CDATA[untitled]]></wp:post_name>
		<wp:status><![CDATA[publish]]></wp:status>
		<wp:post_parent>0</wp:post_parent>
		<wp:menu_order>0</wp:menu_order>
		<wp:post_type><![CDATA[wpcf7_contact_form]]></wp:post_type>
		<wp:post_password><![CDATA[]]></wp:post_password>
		<wp:is_sticky>0</wp:is_sticky>
		<wp:postmeta>
			<wp:meta_key><![CDATA[_form]]></wp:meta_key>
			<wp:meta_value><![CDATA[<div class="mt30">
                        <div class="row">
                            <div class="col-md-6">
                                <div class="form-group">
                                    <label>Name *</label>[text* name id:name class:form-control]
                                </div>
                            </div>
                            <div class="col-md-6">
                                <div class="form-group">
                                    <label>E-mail *</label>[text* email id:email class:form-control ]
                                </div>
                            </div>
                        </div>
                        <div class="form-group">
                            <label>Message *</label>[textarea* message id:message class:form-control x3]
                        </div>
<div class="form-group">
                  <label>Captcha</label>   [captchac captcha-286 size:m] [captchar captcha-286 10/ ]
</div>
                         [submit class:btn class:btn-primary "Send Message"]
                        
</div>]]></wp:meta_value>
		</wp:postmeta>
		<wp:postmeta>
			<wp:meta_key><![CDATA[_mail]]></wp:meta_key>
			<wp:meta_value><![CDATA[a:8:{s:7:"subject";s:14:"[your-subject]";s:6:"sender";s:37:"[your-name] <doquangquan93@gmail.com>";s:4:"body";s:194:"From: [your-name] <[your-email]>
Subject: [your-subject]

Message Body:
[your-message]

--
This e-mail was sent from a contact form on The Travel (http://localhost/shinetheme/Travel/travel-code)";s:9:"recipient";s:21:"quandq@shinetheme.com";s:18:"additional_headers";s:22:"Reply-To: [your-email]";s:11:"attachments";s:0:"";s:8:"use_html";b:0;s:13:"exclude_blank";b:0;}]]></wp:meta_value>
		</wp:postmeta>
		<wp:postmeta>
			<wp:meta_key><![CDATA[_mail_2]]></wp:meta_key>
			<wp:meta_value><![CDATA[a:9:{s:6:"active";b:0;s:7:"subject";s:14:"[your-subject]";s:6:"sender";s:36:"The Travel <doquangquan93@gmail.com>";s:4:"body";s:136:"Message Body:
[your-message]

--
This e-mail was sent from a contact form on The Travel (http://localhost/shinetheme/Travel/travel-code)";s:9:"recipient";s:12:"[your-email]";s:18:"additional_headers";s:33:"Reply-To: doquangquan93@gmail.com";s:11:"attachments";s:0:"";s:8:"use_html";b:0;s:13:"exclude_blank";b:0;}]]></wp:meta_value>
		</wp:postmeta>
		<wp:postmeta>
			<wp:meta_key><![CDATA[_messages]]></wp:meta_key>
			<wp:meta_value><![CDATA[a:23:{s:12:"mail_sent_ok";s:43:"Your message was sent successfully. Thanks.";s:12:"mail_sent_ng";s:93:"Failed to send your message. Please try later or contact the administrator by another method.";s:16:"validation_error";s:74:"Validation errors occurred. Please confirm the fields and submit it again.";s:4:"spam";s:93:"Failed to send your message. Please try later or contact the administrator by another method.";s:12:"accept_terms";s:35:"Please accept the terms to proceed.";s:16:"invalid_required";s:31:"Please fill the required field.";s:17:"captcha_not_match";s:31:"Your entered code is incorrect.";s:14:"invalid_number";s:28:"Number format seems invalid.";s:16:"number_too_small";s:25:"This number is too small.";s:16:"number_too_large";s:25:"This number is too large.";s:13:"invalid_email";s:28:"Email address seems invalid.";s:11:"invalid_url";s:18:"URL seems invalid.";s:11:"invalid_tel";s:31:"Telephone number seems invalid.";s:23:"quiz_answer_not_correct";s:27:"Your answer is not correct.";s:12:"invalid_date";s:26:"Date format seems invalid.";s:14:"date_too_early";s:23:"This date is too early.";s:13:"date_too_late";s:22:"This date is too late.";s:13:"upload_failed";s:22:"Failed to upload file.";s:24:"upload_file_type_invalid";s:30:"This file type is not allowed.";s:21:"upload_file_too_large";s:23:"This file is too large.";s:23:"upload_failed_php_error";s:38:"Failed to upload file. Error occurred.";s:16:"invalid_too_long";s:23:"This input is too long.";s:17:"invalid_too_short";s:24:"This input is too short.";}]]></wp:meta_value>
		</wp:postmeta>
		<wp:postmeta>
			<wp:meta_key><![CDATA[_additional_settings]]></wp:meta_key>
			<wp:meta_value><![CDATA[]]></wp:meta_value>
		</wp:postmeta>
		<wp:postmeta>
			<wp:meta_key><![CDATA[_locale]]></wp:meta_key>
			<wp:meta_value><![CDATA[en_US]]></wp:meta_value>
		</wp:postmeta>
		<wp:postmeta>
			<wp:meta_key><![CDATA[rate_review]]></wp:meta_key>
			<wp:meta_value><![CDATA[0]]></wp:meta_value>
		</wp:postmeta>
	</item>
	<item>
		<title>Contact form 1</title>
		<link>http://travelerdata.wpengine.com/?post_type=wpcf7_contact_form&#038;p=183</link>
		<pubDate>Fri, 21 Nov 2014 11:09:30 +0000</pubDate>
		<dc:creator><![CDATA[admin]]></dc:creator>
		<guid isPermaLink="false">http://traveler.shinethemedev.com/wordpress/?post_type=wpcf7_contact_form&#038;p=183</guid>
		<description></description>
		<content:encoded><![CDATA[<p>Your Name (required)<br />
    [text* your-name] </p>

<p>Your Email (required)<br />
    [email* your-email] </p>

<p>Subject<br />
    [text your-subject] </p>

<p>Your Message<br />
    [textarea your-message] </p>

<p>[submit "Send"]</p>
[your-subject]
[your-name] <wordpress@shinetheme.com>
From: [your-name] <[your-email]>
Subject: [your-subject]

Message Body:
[your-message]

--
This e-mail was sent from a contact form on Traveler (http://traveler.shinethemedev.com/wordpress)
test@gmail.com
Reply-To: [your-email]

0
0

[your-subject]
Traveler <wordpress@shinetheme.com>
Message Body:
[your-message]

--
This e-mail was sent from a contact form on Traveler (http://traveler.shinethemedev.com/wordpress)
[your-email]
Reply-To: test@gmail.com

0
0
Your message was sent successfully. Thanks.
Failed to send your message. Please try later or contact the administrator by another method.
Validation errors occurred. Please confirm the fields and submit it again.
Failed to send your message. Please try later or contact the administrator by another method.
Please accept the terms to proceed.
Please fill the required field.]]></content:encoded>
		<excerpt:encoded><![CDATA[]]></excerpt:encoded>
		<wp:post_id>183</wp:post_id>
		<wp:post_date><![CDATA[2014-11-21 11:09:30]]></wp:post_date>
		<wp:post_date_gmt><![CDATA[2014-11-21 11:09:30]]></wp:post_date_gmt>
		<wp:comment_status><![CDATA[open]]></wp:comment_status>
		<wp:ping_status><![CDATA[open]]></wp:ping_status>
		<wp:post_name><![CDATA[contact-form-1]]></wp:post_name>
		<wp:status><![CDATA[publish]]></wp:status>
		<wp:post_parent>0</wp:post_parent>
		<wp:menu_order>0</wp:menu_order>
		<wp:post_type><![CDATA[wpcf7_contact_form]]></wp:post_type>
		<wp:post_password><![CDATA[]]></wp:post_password>
		<wp:is_sticky>0</wp:is_sticky>
		<wp:postmeta>
			<wp:meta_key><![CDATA[_form]]></wp:meta_key>
			<wp:meta_value><![CDATA[<p>Your Name (required)<br />
    [text* your-name] </p>

<p>Your Email (required)<br />
    [email* your-email] </p>

<p>Subject<br />
    [text your-subject] </p>

<p>Your Message<br />
    [textarea your-message] </p>

<p>[submit "Send"]</p>]]></wp:meta_value>
		</wp:postmeta>
		<wp:postmeta>
			<wp:meta_key><![CDATA[_mail]]></wp:meta_key>
			<wp:meta_value><![CDATA[a:8:{s:7:"subject";s:14:"[your-subject]";s:6:"sender";s:38:"[your-name] <wordpress@shinetheme.com>";s:4:"body";s:189:"From: [your-name] <[your-email]>
Subject: [your-subject]

Message Body:
[your-message]

--
This e-mail was sent from a contact form on Traveler (http://traveler.shinethemedev.com/wordpress)";s:9:"recipient";s:14:"test@gmail.com";s:18:"additional_headers";s:22:"Reply-To: [your-email]";s:11:"attachments";s:0:"";s:8:"use_html";i:0;s:13:"exclude_blank";i:0;}]]></wp:meta_value>
		</wp:postmeta>
		<wp:postmeta>
			<wp:meta_key><![CDATA[_mail_2]]></wp:meta_key>
			<wp:meta_value><![CDATA[a:9:{s:6:"active";b:0;s:7:"subject";s:14:"[your-subject]";s:6:"sender";s:35:"Traveler <wordpress@shinetheme.com>";s:4:"body";s:131:"Message Body:
[your-message]

--
This e-mail was sent from a contact form on Traveler (http://traveler.shinethemedev.com/wordpress)";s:9:"recipient";s:12:"[your-email]";s:18:"additional_headers";s:24:"Reply-To: test@gmail.com";s:11:"attachments";s:0:"";s:8:"use_html";i:0;s:13:"exclude_blank";i:0;}]]></wp:meta_value>
		</wp:postmeta>
		<wp:postmeta>
			<wp:meta_key><![CDATA[_messages]]></wp:meta_key>
			<wp:meta_value><![CDATA[a:6:{s:12:"mail_sent_ok";s:43:"Your message was sent successfully. Thanks.";s:12:"mail_sent_ng";s:93:"Failed to send your message. Please try later or contact the administrator by another method.";s:16:"validation_error";s:74:"Validation errors occurred. Please confirm the fields and submit it again.";s:4:"spam";s:93:"Failed to send your message. Please try later or contact the administrator by another method.";s:12:"accept_terms";s:35:"Please accept the terms to proceed.";s:16:"invalid_required";s:31:"Please fill the required field.";}]]></wp:meta_value>
		</wp:postmeta>
		<wp:postmeta>
			<wp:meta_key><![CDATA[_additional_settings]]></wp:meta_key>
			<wp:meta_value><![CDATA[]]></wp:meta_value>
		</wp:postmeta>
		<wp:postmeta>
			<wp:meta_key><![CDATA[_locale]]></wp:meta_key>
			<wp:meta_value><![CDATA[en_US]]></wp:meta_value>
		</wp:postmeta>
	</item>
</channel>
</rss>
