[{"post_id":"491","room_parent":"991","multi_location":"_287_","id_location":"","address":"","allow_full_day":"on","price":"498","number_room":"42","discount_rate":""},{"post_id":"490","room_parent":"991","multi_location":"_287_","id_location":"","address":"","allow_full_day":"on","price":"273","number_room":"10","discount_rate":""},{"post_id":"602","room_parent":"532","multi_location":"_279_","id_location":"","address":"","allow_full_day":"on","price":"300","number_room":"10","discount_rate":""},{"post_id":"655","room_parent":"533","multi_location":"_1957_","id_location":"","address":"","allow_full_day":"on","price":"600","number_room":"4","discount_rate":""},{"post_id":"665","room_parent":"8","multi_location":"_275_","id_location":"","address":"","allow_full_day":"on","price":"130","number_room":"3","discount_rate":""},{"post_id":"664","room_parent":"992","multi_location":"_287_","id_location":"","address":"","allow_full_day":"on","price":"57","number_room":"78","discount_rate":""},{"post_id":"666","room_parent":"991","multi_location":"_287_","id_location":"","address":"","allow_full_day":"on","price":"354","number_room":"34","discount_rate":""},{"post_id":"996","room_parent":"531","multi_location":"_275_","id_location":"","address":"","allow_full_day":"on","price":"563","number_room":"76","discount_rate":""},{"post_id":"998","room_parent":"532","multi_location":"_279_","id_location":"","address":"","allow_full_day":"on","price":"264","number_room":"50","discount_rate":""},{"post_id":"999","room_parent":"8","multi_location":"_275_","id_location":"","address":"","allow_full_day":"on","price":"264","number_room":"50","discount_rate":""},{"post_id":"994","room_parent":"991","multi_location":"_287_","id_location":"","address":"","allow_full_day":"on","price":"130","number_room":"67","discount_rate":""},{"post_id":"1003","room_parent":"986","multi_location":"_287_","id_location":"","address":"","allow_full_day":"on","price":"273","number_room":"10","discount_rate":""},{"post_id":"1000","room_parent":"986","multi_location":"_287_","id_location":"","address":"","allow_full_day":"on","price":"56","number_room":"78","discount_rate":""},{"post_id":"1001","room_parent":"954","multi_location":"_275_","id_location":"","address":"","allow_full_day":"on","price":"300","number_room":"78","discount_rate":""},{"post_id":"1005","room_parent":"533","multi_location":"_1957_","id_location":"","address":"","allow_full_day":"on","price":"476","number_room":"4","discount_rate":""},{"post_id":"1006","room_parent":"954","multi_location":"_275_","id_location":"","address":"","allow_full_day":"on","price":"130","number_room":"3","discount_rate":""},{"post_id":"1007","room_parent":"533","multi_location":"_1957_","id_location":"","address":"","allow_full_day":"on","price":"273","number_room":"10","discount_rate":""},{"post_id":"1008","room_parent":"991","multi_location":"_287_","id_location":"","address":"","allow_full_day":"on","price":"10","number_room":"78","discount_rate":""},{"post_id":"1009","room_parent":"533","multi_location":"_1957_","id_location":"","address":"","allow_full_day":"on","price":"300","number_room":"78","discount_rate":""},{"post_id":"1011","room_parent":"8","multi_location":"_275_","id_location":"","address":"","allow_full_day":"on","price":"300","number_room":"78","discount_rate":"50"},{"post_id":"1012","room_parent":"531","multi_location":"_275_","id_location":"","address":"","allow_full_day":"on","price":"273","number_room":"10","discount_rate":"10"},{"post_id":"1013","room_parent":"953","multi_location":"_287_","id_location":"","address":"","allow_full_day":"on","price":"128","number_room":"1","discount_rate":""},{"post_id":"1973","room_parent":"990","multi_location":"_287_","id_location":"","address":"","allow_full_day":"on","price":"324","number_room":"67","discount_rate":""},{"post_id":"4578","room_parent":"989","multi_location":"_287_","id_location":"","address":"","allow_full_day":"on","price":"350","number_room":"27","discount_rate":"10"},{"post_id":"4579","room_parent":"990","multi_location":"_287_","id_location":"","address":"","allow_full_day":"on","price":"128","number_room":"45","discount_rate":""},{"post_id":"4581","room_parent":"605","multi_location":"_275_","id_location":"","address":"","allow_full_day":"on","price":"128","number_room":"45","discount_rate":""},{"post_id":"4583","room_parent":"988","multi_location":"_287_","id_location":"","address":"","allow_full_day":"on","price":"244","number_room":"30","discount_rate":""},{"post_id":"4584","room_parent":"987","multi_location":"_287_","id_location":"","address":"","allow_full_day":"on","price":"267","number_room":"20","discount_rate":""},{"post_id":"4587","room_parent":"986","multi_location":"_287_","id_location":"","address":"","allow_full_day":"on","price":"335","number_room":"67","discount_rate":""},{"post_id":"4586","room_parent":"982","multi_location":"_287_","id_location":"","address":"","allow_full_day":"on","price":"234","number_room":"9","discount_rate":""},{"post_id":"4588","room_parent":"983","multi_location":"","id_location":"","address":"","allow_full_day":"on","price":"144","number_room":"34","discount_rate":""},{"post_id":"4589","room_parent":"984","multi_location":"_287_","id_location":"","address":"","allow_full_day":"on","price":"273","number_room":"1","discount_rate":""},{"post_id":"4590","room_parent":"981","multi_location":"_287_","id_location":"","address":"","allow_full_day":"on","price":"280","number_room":"45","discount_rate":"10"},{"post_id":"4593","room_parent":"980","multi_location":"_276_","id_location":"","address":"","allow_full_day":"on","price":"273","number_room":"10","discount_rate":"10"},{"post_id":"4594","room_parent":"979","multi_location":"_276_","id_location":"","address":"","allow_full_day":"on","price":"350","number_room":"34","discount_rate":"10"},{"post_id":"4595","room_parent":"658","multi_location":"_284_","id_location":"","address":"","allow_full_day":"on","price":"130","number_room":"23","discount_rate":""},{"post_id":"4596","room_parent":"530","multi_location":"_277_","id_location":"","address":"","allow_full_day":"on","price":"234","number_room":"45","discount_rate":""},{"post_id":"4598","room_parent":"186","multi_location":"_275_","id_location":"","address":"","allow_full_day":"on","price":"130","number_room":"34","discount_rate":""},{"post_id":"4599","room_parent":"185","multi_location":"_282_","id_location":"","address":"","allow_full_day":"on","price":"350","number_room":"23","discount_rate":"10"},{"post_id":"4597","room_parent":"17","multi_location":"_275_","id_location":"","address":"","allow_full_day":"on","price":"244","number_room":"45","discount_rate":""},{"post_id":"4606","room_parent":"4600","multi_location":"_287_","id_location":"","address":"","allow_full_day":"on","price":"273","number_room":"30","discount_rate":"10"},{"post_id":"4605","room_parent":"4601","multi_location":"_287_","id_location":"","address":"","allow_full_day":"on","price":"350","number_room":"34","discount_rate":"10"},{"post_id":"4765","room_parent":"4601","multi_location":"_287_","id_location":"","address":"","allow_full_day":"on","price":"50","number_room":"23","discount_rate":"10"}]