[{"id":"1","location_id":"0","location_country":null,"parent_id":"0","left_key":"1","right_key":"42","name":"root","fullname":"root","language":null,"status":"private_root"},{"id":"2","location_id":"277","location_country":"RU","parent_id":"1","left_key":"2","right_key":"3","name":"Russia","fullname":"Russia","language":"en","status":"publish"},{"id":"3","location_id":"279","location_country":"BD","parent_id":"1","left_key":"4","right_key":"5","name":"Germany","fullname":"Germany","language":"en","status":"publish"},{"id":"4","location_id":"280","location_country":"","parent_id":"1","left_key":"6","right_key":"7","name":"Italy","fullname":"Italy","language":"en","status":"publish"},{"id":"5","location_id":"281","location_country":"VN","parent_id":"1","left_key":"8","right_key":"11","name":"Vietnam","fullname":"Vietnam","language":"en","status":"publish"},{"id":"6","location_id":"285","location_country":"AL","parent_id":"1","left_key":"12","right_key":"15","name":"Australia","fullname":"Australia","language":"en","status":"publish"},{"id":"7","location_id":"1680","location_country":"FR","parent_id":"1","left_key":"16","right_key":"21","name":"France","fullname":"France","language":"en","status":"publish"},{"id":"8","location_id":"1957","location_country":"","parent_id":"1","left_key":"22","right_key":"41","name":"United States","fullname":"United States","language":"en","status":"publish"},{"id":"9","location_id":"5778","location_country":"","parent_id":"5","left_key":"9","right_key":"10","name":"Hanoi","fullname":"Hanoi, Vietnam","language":"en","status":"publish"},{"id":"10","location_id":"276","location_country":"AT","parent_id":"6","left_key":"13","right_key":"14","name":"Sysdney","fullname":"Sysdney, Australia","language":"en","status":"publish"},{"id":"11","location_id":"283","location_country":"FR","parent_id":"7","left_key":"17","right_key":"18","name":"Marseille","fullname":"Marseille, France","language":"en","status":"publish"},{"id":"12","location_id":"287","location_country":"FR","parent_id":"7","left_key":"19","right_key":"20","name":"Paris","fullname":"Paris, France","language":"en","status":"publish"},{"id":"13","location_id":"275","location_country":"","parent_id":"8","left_key":"23","right_key":"24","name":"New York City","fullname":"New York City, United States||10-14","language":"en","status":"publish"},{"id":"14","location_id":"286","location_country":"","parent_id":"8","left_key":"25","right_key":"26","name":"Boston","fullname":"Boston, United States||02109","language":"en","status":"publish"},{"id":"15","location_id":"1944","location_country":"US","parent_id":"8","left_key":"27","right_key":"32","name":"California State","fullname":"California State, United States||900-961","language":"en","status":"publish"},{"id":"16","location_id":"1947","location_country":"","parent_id":"8","left_key":"33","right_key":"36","name":"Nevada State","fullname":"Nevada State, United States||899-899","language":"en","status":"publish"},{"id":"17","location_id":"1952","location_country":"","parent_id":"8","left_key":"37","right_key":"40","name":"Virginia  State","fullname":"Virginia  State, United States||220-246","language":"en","status":"publish"},{"id":"18","location_id":"1945","location_country":"US","parent_id":"15","left_key":"28","right_key":"29","name":"Los Angeles","fullname":"Los Angeles, California State, United States||90001\u201390068, 90070\u201390084, 90086\u201390089, 90091, 90093\u201390097, 90099","language":"en","status":"publish"},{"id":"19","location_id":"1946","location_country":"US","parent_id":"15","left_key":"30","right_key":"31","name":"San Francisco","fullname":"San Francisco, California State, United States||90001\u201390068, 90070\u201390084, 90086\u201390089, 90091, 90093\u201390097, 90099","language":"en","status":"publish"},{"id":"20","location_id":"284","location_country":"","parent_id":"16","left_key":"34","right_key":"35","name":"Las Vegas","fullname":"Las Vegas, Nevada State, United States","language":"en","status":"publish"},{"id":"21","location_id":"282","location_country":"","parent_id":"17","left_key":"38","right_key":"39","name":"Virginia Beach","fullname":"Virginia Beach, Virginia  State, United States","language":"en","status":"publish"}]