[{"post_id":"1028","multi_location":"_287_","id_location":"","address":"Champs-Elys\u00e9es,  Paris France","price":"","sale_price":"856","child_price":"200","adult_price":"856","infant_price":"100","min_price":"100","max_people":"2","type_tour":"specific_date","check_in":"","check_out":"","rate_review":"5","duration_day":"20","tours_booking_period":"0","is_sale_schedule":"off","discount":"0","sale_price_from":"0000-00-00","sale_price_to":"0000-00-00"},{"post_id":"1029","multi_location":"_283_","id_location":"","address":"Champs-Elys\u00e9es, Paris France","price":"","sale_price":"1500","child_price":"600","adult_price":"1500","infant_price":"100","min_price":"100","max_people":"4","type_tour":"daily_tour","check_in":"","check_out":"","rate_review":"5","duration_day":"3 days","tours_booking_period":"0","is_sale_schedule":"off","discount":"0","sale_price_from":"0000-00-00","sale_price_to":"0000-00-00"},{"post_id":"1030","multi_location":"_287_","id_location":"","address":"Champs-Elys\u00e9es Paris France","price":"","sale_price":"862.2","child_price":"150","adult_price":"958","infant_price":"100","min_price":"90","max_people":"6","type_tour":"daily_tour","check_in":"","check_out":"","rate_review":"2","duration_day":"1 day","tours_booking_period":"0","is_sale_schedule":"off","discount":"10","sale_price_from":"0000-00-00","sale_price_to":"0000-00-00"},{"post_id":"1031","multi_location":"_277_","id_location":"","address":"Place Vend\u00f4me Paris","price":"","sale_price":"895","child_price":"100","adult_price":"895","infant_price":"100","min_price":"90","max_people":"4","type_tour":"daily_tour","check_in":"","check_out":"","rate_review":"5","duration_day":"5 hours","tours_booking_period":"0","is_sale_schedule":"on","discount":"10","sale_price_from":"2015-02-20","sale_price_to":"2015-02-21"},{"post_id":"1032","multi_location":"_287_","id_location":"","address":"Champs-Elys\u00e9es, Paris France","price":"","sale_price":"805.5","child_price":"95","adult_price":"895","infant_price":"50","min_price":"45","max_people":"610","type_tour":"daily_tour","check_in":"","check_out":"","rate_review":"4","duration_day":"3-5 hours","tours_booking_period":"0","is_sale_schedule":"off","discount":"10","sale_price_from":"0000-00-00","sale_price_to":"0000-00-00"},{"post_id":"1610","multi_location":"_287_","id_location":"","address":"Champs-Elys\u00e9es, Paris France","price":"","sale_price":"200","child_price":"100","adult_price":"200","infant_price":"50","min_price":"25","max_people":"10","type_tour":"daily_tour","check_in":"","check_out":"","rate_review":"4.3","duration_day":"10 hours ","tours_booking_period":"0","is_sale_schedule":"on","discount":"50","sale_price_from":"2015-10-09","sale_price_to":"2015-10-17"},{"post_id":"1614","multi_location":"_287_","id_location":"","address":"Champs-Elys\u00e9es, Paris France","price":"","sale_price":"1650","child_price":"750","adult_price":"1650","infant_price":"100","min_price":"100","max_people":"8","type_tour":"daily_tour","check_in":"","check_out":"","rate_review":"5","duration_day":"2-3 hours","tours_booking_period":"0","is_sale_schedule":"off","discount":"0","sale_price_from":"0000-00-00","sale_price_to":"0000-00-00"},{"post_id":"1612","multi_location":"_287_","id_location":"","address":"Champs-Elys\u00e9e, Paris France","price":"","sale_price":"170","child_price":"70","adult_price":"170","infant_price":"10","min_price":"10","max_people":"4","type_tour":"daily_tour","check_in":"","check_out":"","rate_review":"5","duration_day":"5-6 hours","tours_booking_period":"6","is_sale_schedule":"off","discount":"0","sale_price_from":"0000-00-00","sale_price_to":"0000-00-00"},{"post_id":"1611","multi_location":"_287_","id_location":"","address":"Champs-Elys\u00e9es, 8\u00e8me 5 rue de Berri 75008 Paris France","price":"","sale_price":"1800","child_price":"600","adult_price":"2000","infant_price":"500","min_price":"450","max_people":"6","type_tour":"daily_tour","check_in":"","check_out":"","rate_review":"3.9","duration_day":"8 hours","tours_booking_period":"0","is_sale_schedule":"off","discount":"10","sale_price_from":"0000-00-00","sale_price_to":"0000-00-00"},{"post_id":"1613","multi_location":"_275_","id_location":"","address":"Avenue of the Americas, New York, NY, United States","price":"","sale_price":"625","child_price":"300","adult_price":"625","infant_price":"100","min_price":"100","max_people":"6","type_tour":"daily_tour","check_in":"","check_out":"","rate_review":"4","duration_day":"6 hours","tours_booking_period":"2","is_sale_schedule":"off","discount":"0","sale_price_from":"0000-00-00","sale_price_to":"0000-00-00"},{"post_id":"1616","multi_location":"_287_","id_location":"","address":"Champs-Elys\u00e9es, Paris France","price":"","sale_price":"150","child_price":"100","adult_price":"150","infant_price":"50","min_price":"","max_people":"10","type_tour":"specific_date","check_in":"","check_out":"","rate_review":"5","duration_day":"10","tours_booking_period":"5","is_sale_schedule":"off","discount":"0","sale_price_from":"0000-00-00","sale_price_to":"0000-00-00"}]